insert into cozinha (id, nome) values (1, 'Tailandesa');
insert into cozinha (id, nome) values (2, 'Indiana');
insert into cozinha (id, nome) values (3, 'Argentina');
insert into cozinha (id, nome) values (4, 'Brasileira');

insert into estado (id, nome) values (1, 'Minas Gerais');
insert into estado (id, nome) values (2, 'São Paulo');
insert into estado (id, nome) values (3, 'Mato Grosso');
insert into estado (id, nome) values (4, 'Paraná');
insert into estado (id, nome) values (5, 'Amazonas');

insert into cidade (id, nome, estado_id) values (1, 'Uberlândia', 1);
insert into cidade (id, nome, estado_id) values (2, 'Belo Horizonte', 1);
insert into cidade (id, nome, estado_id) values (3, 'São Paulo', 2);
insert into cidade (id, nome, estado_id) values (4, 'Campinas', 2);
insert into cidade (id, nome, estado_id) values (5, 'Manaus', 3);

insert into restaurante (id, nome, taxa_frete, cozinha_id, data_cadastro, data_atualizacao, endereco_cidade_id, endereco_cep, endereco_logradouro, endereco_numero, endereco_bairro) values (1, 'Thai Gourmet', 10, 1, utc_timestamp, utc_timestamp, 1, '38400-999', 'Rua João Pinheiro', '1000', 'Centro');
insert into restaurante (nome, taxa_frete, cozinha_id, data_cadastro, data_atualizacao) values ('Nova Delhi Delivery', 24.75, 2, utc_timestamp, utc_timestamp);
insert into restaurante (nome, taxa_frete, cozinha_id, data_cadastro, data_atualizacao) values ('Tuk Tuk Sabor de Nova Delhi', 9.65, 2, utc_timestamp, utc_timestamp);
insert into restaurante (nome, taxa_frete, cozinha_id, data_cadastro, data_atualizacao) values ('Paulistano Restaurante', 1.99, 4, utc_timestamp, utc_timestamp);
insert into restaurante (nome, taxa_frete, cozinha_id, data_cadastro, data_atualizacao) values ('Churrasco Argentino', 0, 3, utc_timestamp, utc_timestamp);
insert into restaurante (nome, taxa_frete, cozinha_id, data_cadastro, data_atualizacao) values ('Carne de Vaca Indiano', 0, 2, utc_timestamp, utc_timestamp);

insert into forma_pagamento (id, descricao) values (1, 'Cartão de crédito');
insert into forma_pagamento (id, descricao) values (2, 'Cartão de débito');
insert into forma_pagamento (id, descricao) values (3, 'Dinheiro');

insert into permissao (id, nome, descricao) values (1, 'CONSULTAR_COZINHAS', 'Permite consultar cozinhas');
insert into permissao (id, nome, descricao) values (2, 'EDITAR_COZINHAS', 'Permite editar cozinhas');

insert into restaurante_forma_pagamento (restaurante_id, forma_pagamento_id) values (1, 1), (1, 2), (1, 3), (2, 3), (3, 2), (3, 3);